"_primaryKey","_firstSeenAt","_lastSeenAt","listingId","eventId","price","faceValue","section","row","seat","seatFrom","seatTo","quantity","availableQuantities","ticketClass","ticketClassName","ticketTypeId","ticketTypeName","listingTypeId","starRating","dealScore","discount","seatQualityScore","isSeatedTogether","isSpeculativeRow","listingNotes","createdAt"
"12666389124","2026-07-15 18:41:12.508","2026-07-30 05:22:44.671","12666389124","159351049","[PREMIUM]","[PREMIUM]","302","O","14_16","14",,3,"[1,3]",2062,"Promenade",10,"Mobile Transfer ticket",1,"[PREMIUM]","[PREMIUM]","[PREMIUM]","[PREMIUM]",true,false,"['Clear view']","2026-05-12 19:06:35"
"13349597917","2026-07-15 18:41:08.971","2026-07-21 05:38:26.153","13349597917","161490631","[PREMIUM]","[PREMIUM]","102","N","4_7","4","7",4,"[1,2,4]",594,"Lower",10,"Mobile Transfer ticket",1,"[PREMIUM]","[PREMIUM]","[PREMIUM]","[PREMIUM]",true,false,"['Clear view']","2026-07-14 15:58:31"
"13349877895","2026-07-15 18:41:08.971","2026-07-18 05:19:31.370","13349877895","161490631","[PREMIUM]","[PREMIUM]","126","P","4_7","4","7",4,"[1,2,4]",594,"Lower",10,"Mobile Transfer ticket",1,"[PREMIUM]","[PREMIUM]","[PREMIUM]","[PREMIUM]",true,false,"['Clear view']","2026-07-14 16:09:34"
"13352148486","2026-07-15 18:41:08.971","2026-07-28 06:11:46.881","13352148486","161490631","[PREMIUM]","[PREMIUM]","220","A","6_9","6","9",4,"[1,2,4]",407,"Upper",10,"Mobile Transfer ticket",1,"[PREMIUM]","[PREMIUM]","[PREMIUM]","[PREMIUM]",true,false,"['Front Row of Section','Clear view']","2026-07-14 18:20:28"
"13109441385","2026-07-15 18:41:08.126","2026-08-04 01:26:09.570","13109441385","160427052","[PREMIUM]","[PREMIUM]","444","4","_",,,4,"[1,2,4]",2444,"Upper Endzone",10,"Mobile Transfer ticket",1,"[PREMIUM]","[PREMIUM]","[PREMIUM]","[PREMIUM]",true,false,"['Clear view']","2026-06-22 19:35:29"
"13306443182","2026-07-15 18:41:06.102","2026-07-20 05:19:10.357","13306443182","161490631","[PREMIUM]","[PREMIUM]","117","L","3_4","3","4",2,"[2]",594,"Lower",10,"Mobile Transfer ticket",1,"[PREMIUM]","[PREMIUM]","[PREMIUM]","[PREMIUM]",true,false,"['Clear view']","2026-07-09 20:00:27"
"13352430277","2026-07-15 18:41:06.102","2026-07-22 06:42:24.666","13352430277","161490631","[PREMIUM]","[PREMIUM]","123","L","1_3","1","3",3,"[1,3]",594,"Lower",10,"Mobile Transfer ticket",1,"[PREMIUM]","[PREMIUM]","[PREMIUM]","[PREMIUM]",true,false,"['Clear view']","2026-07-14 19:01:14"
"13352430278","2026-07-15 18:41:06.102","2026-07-19 05:22:04.655","13352430278","161490631","[PREMIUM]","[PREMIUM]","104","L","8_15","8","15",8,"[1,2,3,4,5,6,8]",594,"Lower",10,"Mobile Transfer ticket",1,"[PREMIUM]","[PREMIUM]","[PREMIUM]","[PREMIUM]",true,false,"['Clear view']","2026-07-14 19:01:14"
"13360160606","2026-07-15 18:41:04.556","2026-08-04 05:21:10.281","13360160606","159351049","[PREMIUM]","[PREMIUM]","323","K","6_9","6",,4,"[1,2,4]",2062,"Promenade",10,"Mobile Transfer ticket",1,"[PREMIUM]","[PREMIUM]","[PREMIUM]","[PREMIUM]",true,false,"['Clear view']","2026-07-15 12:33:16"
"13360160555","2026-07-15 18:41:04.556","2026-07-15 18:41:04.556","13360160555","159351049","[PREMIUM]","[PREMIUM]","319","F","7_12","7",,6,"[1,2,3,4,6]",2062,"Promenade",10,"Mobile Transfer ticket",1,"[PREMIUM]","[PREMIUM]","[PREMIUM]","[PREMIUM]",true,false,"['Clear view']","2026-07-15 12:33:16"
"12822365184","2026-07-15 18:40:59.693","2026-08-04 05:21:10.281","12822365184","159351049","[PREMIUM]","[PREMIUM]","303","P","11_12","11",,2,"[2]",2062,"Promenade",10,"Mobile Transfer ticket",1,"[PREMIUM]","[PREMIUM]","[PREMIUM]","[PREMIUM]",true,true,"['Clear view']","2026-05-26 15:11:33"
"13360160971","2026-07-15 18:40:59.693","2026-07-15 18:40:59.693","13360160971","159351049","[PREMIUM]","[PREMIUM]","335","F","11_14","11",,4,"[1,2,4]",2062,"Promenade",10,"Mobile Transfer ticket",1,"[PREMIUM]","[PREMIUM]","[PREMIUM]","[PREMIUM]",true,false,"['Clear view']","2026-07-15 12:33:18"
"13350120552","2026-07-15 18:40:58.711","2026-07-21 05:38:27.374","13350120552","161490631","[PREMIUM]","[PREMIUM]","101","B","17_23","17","23",7,"[1,2,3,4,5,7]",594,"Lower",10,"Mobile Transfer ticket",1,"[PREMIUM]","[PREMIUM]","[PREMIUM]","[PREMIUM]",true,false,"['Clear view']","2026-07-14 16:18:01"
"13358794606","2026-07-15 18:40:58.711","2026-07-15 18:40:58.711","13358794606","161490631","[PREMIUM]","[PREMIUM]","115","J","9001_9002","9001",,2,"[2]",594,"Lower",11,"Mobile ticket",1,"[PREMIUM]","[PREMIUM]","[PREMIUM]","[PREMIUM]",true,false,"['Third Row of Section','Clear view']","2026-07-15 08:51:08"
"13362136714","2026-07-15 18:40:58.711","2026-07-15 18:40:58.711","13362136714","161490631","[PREMIUM]","[PREMIUM]","116","K","9001_9002","9001",,2,"[2]",594,"Lower",11,"Mobile ticket",1,"[PREMIUM]","[PREMIUM]","[PREMIUM]","[PREMIUM]",true,false,"['Clear view']","2026-07-15 16:40:41"
"13346777337","2026-07-15 18:40:58.372","2026-07-19 05:22:04.213","13346777337","161490631","[PREMIUM]","[PREMIUM]","206","K","2_3","2",,2,"[2]",407,"Upper",10,"Mobile Transfer ticket",1,"[PREMIUM]","[PREMIUM]","[PREMIUM]","[PREMIUM]",true,false,"['Clear view']","2026-07-14 03:00:14"
"13351430203","2026-07-15 18:40:58.372","2026-07-16 18:37:26.428","13351430203","161490631","[PREMIUM]","[PREMIUM]","118","U","_",,,2,"[2]",594,"Lower",10,"Mobile Transfer ticket",1,"[PREMIUM]","[PREMIUM]","[PREMIUM]","[PREMIUM]",true,false,"['Clear view']","2026-07-14 17:08:09"
"13352905334","2026-07-15 18:40:58.372","2026-07-15 18:40:58.372","13352905334","161490631","[PREMIUM]","[PREMIUM]","122","T","_",,,2,"[2]",594,"Lower",10,"Mobile Transfer ticket",1,"[PREMIUM]","[PREMIUM]","[PREMIUM]","[PREMIUM]",true,false,"['Clear view']","2026-07-14 20:36:15"
"13354541704","2026-07-15 18:40:58.372","2026-07-15 18:40:58.372","13354541704","161490631","[PREMIUM]","[PREMIUM]","109","T","9001_9005","9001","9005",5,"[1,2,3]",594,"Lower",10,"Mobile Transfer ticket",13,"[PREMIUM]","[PREMIUM]","[PREMIUM]","[PREMIUM]",true,false,"['Clear view']","2026-07-15 00:59:43"
"13355804053","2026-07-15 18:40:58.372","2026-07-15 18:40:58.372","13355804053","161490631","[PREMIUM]","[PREMIUM]","105","R","_",,,2,"[2]",594,"Lower",10,"Mobile Transfer ticket",1,"[PREMIUM]","[PREMIUM]","[PREMIUM]","[PREMIUM]",true,false,"['Clear view']","2026-07-15 03:14:47"
"13348891709","2026-07-15 18:40:57.966","2026-07-19 05:22:04.655","13348891709","161490631","[PREMIUM]","[PREMIUM]","101","L","1_6","1","6",6,"[1,2,3,4,6]",594,"Lower",10,"Mobile Transfer ticket",1,"[PREMIUM]","[PREMIUM]","[PREMIUM]","[PREMIUM]",true,false,"['Clear view']","2026-07-14 14:59:12"
"13352119410","2026-07-15 18:40:57.966","2026-07-15 18:40:57.966","13352119410","161490631","[PREMIUM]","[PREMIUM]","102","L","5_6","5","6",2,"[2]",594,"Lower",10,"Mobile Transfer ticket",1,"[PREMIUM]","[PREMIUM]","[PREMIUM]","[PREMIUM]",true,false,"['Clear view']","2026-07-14 18:13:25"
"13352412624","2026-07-15 18:40:57.966","2026-07-23 06:00:05.532","13352412624","161490631","[PREMIUM]","[PREMIUM]","124","M","1_8","1","8",8,"[1,2,3,4,5,6,8]",594,"Lower",10,"Mobile Transfer ticket",1,"[PREMIUM]","[PREMIUM]","[PREMIUM]","[PREMIUM]",true,false,"['Clear view']","2026-07-14 18:58:12"
"13352426410","2026-07-15 18:40:57.966","2026-07-27 06:28:20.037","13352426410","161490631","[PREMIUM]","[PREMIUM]","103","M","14_16","14","16",3,"[1,3]",594,"Lower",10,"Mobile Transfer ticket",1,"[PREMIUM]","[PREMIUM]","[PREMIUM]","[PREMIUM]",true,false,"['Clear view']","2026-07-14 19:00:13"
"13356164395","2026-07-15 18:40:57.966","2026-07-19 05:22:04.114","13356164395","161490631","[PREMIUM]","[PREMIUM]","126","L","1_2","1","2",2,"[2]",594,"Lower",10,"Mobile Transfer ticket",1,"[PREMIUM]","[PREMIUM]","[PREMIUM]","[PREMIUM]",true,false,"['Clear view']","2026-07-15 03:51:19"
"13353656423","2026-07-15 18:40:57.615","2026-07-15 18:40:57.615","13353656423","161464336","[PREMIUM]","[PREMIUM]","115","E","_",,,4,"[1,2,3,4]",594,"Lower",10,"Mobile Transfer ticket",1,"[PREMIUM]","[PREMIUM]","[PREMIUM]","[PREMIUM]",true,false,"['Clear view']","2026-07-14 23:19:22"
"13354178825","2026-07-15 18:40:57.615","2026-07-15 18:40:57.615","13354178825","161464336","[PREMIUM]","[PREMIUM]","101","F","_",,,6,"[1,2,3,4,5,6]",594,"Lower",10,"Mobile Transfer ticket",1,"[PREMIUM]","[PREMIUM]","[PREMIUM]","[PREMIUM]",true,false,"['Clear view']","2026-07-15 00:14:09"
"13360504895","2026-07-15 18:40:57.615","2026-07-15 18:40:57.615","13360504895","161464336","[PREMIUM]","[PREMIUM]","120","T","_",,,6,"[1,2,3,4,5,6]",594,"Lower",10,"Mobile Transfer ticket",1,"[PREMIUM]","[PREMIUM]","[PREMIUM]","[PREMIUM]",true,false,"['Clear view']","2026-07-15 13:17:12"
"13361424686","2026-07-15 18:40:57.615","2026-07-15 18:40:57.615","13361424686","161464336","[PREMIUM]","[PREMIUM]","109","R","_",,,6,"[1,2,3,4,5,6]",594,"Lower",10,"Mobile Transfer ticket",1,"[PREMIUM]","[PREMIUM]","[PREMIUM]","[PREMIUM]",true,false,"['Clear view']","2026-07-15 15:03:04"
"13362681295","2026-07-15 18:40:57.615","2026-07-21 06:01:42.019","13362681295","161464336","[PREMIUM]","[PREMIUM]","117","L","_",,,6,"[1,2,3,4,5,6]",594,"Lower",10,"Mobile Transfer ticket",1,"[PREMIUM]","[PREMIUM]","[PREMIUM]","[PREMIUM]",true,false,"['Clear view']","2026-07-15 17:39:18"
"13350181182","2026-07-15 18:40:56.924","2026-07-15 18:40:56.924","13350181182","161490631","[PREMIUM]","[PREMIUM]","124","H","_",,,2,"[2]",594,"Lower",10,"Mobile Transfer ticket",1,"[PREMIUM]","[PREMIUM]","[PREMIUM]","[PREMIUM]",true,false,"['Clear view']","2026-07-14 16:20:08"
"13353584776","2026-07-15 18:40:56.924","2026-07-15 18:40:56.924","13353584776","161490631","[PREMIUM]","[PREMIUM]","115","K","_",,,2,"[2]",594,"Lower",10,"Mobile Transfer ticket",1,"[PREMIUM]","[PREMIUM]","[PREMIUM]","[PREMIUM]",true,false,"['Clear view']","2026-07-14 23:12:06"
"13355651451","2026-07-15 18:40:56.924","2026-07-15 18:40:56.924","13355651451","161490631","[PREMIUM]","[PREMIUM]","123","K","_",,,2,"[2]",594,"Lower",10,"Mobile Transfer ticket",1,"[PREMIUM]","[PREMIUM]","[PREMIUM]","[PREMIUM]",true,false,"['Clear view']","2026-07-15 02:52:15"
"13362665135","2026-07-15 18:40:56.924","2026-07-15 18:40:56.924","13362665135","161490631","[PREMIUM]","[PREMIUM]","125","J","_",,,2,"[2]",594,"Lower",10,"Mobile Transfer ticket",1,"[PREMIUM]","[PREMIUM]","[PREMIUM]","[PREMIUM]",true,false,"['Second Row of Section','Clear view']","2026-07-15 17:36:01"
"13362665141","2026-07-15 18:40:56.924","2026-07-15 18:40:56.924","13362665141","161490631","[PREMIUM]","[PREMIUM]","102","K","_",,,2,"[2]",594,"Lower",10,"Mobile Transfer ticket",1,"[PREMIUM]","[PREMIUM]","[PREMIUM]","[PREMIUM]",true,false,"['Third Row of Section','Clear view']","2026-07-15 17:36:01"
"13317116259","2026-07-15 18:40:56.522","2026-07-30 05:44:59.162","13317116259","161490631","[PREMIUM]","[PREMIUM]","115","R","_",,,8,"[1,2,3,4,5,6,8]",594,"Lower",10,"Mobile Transfer ticket",1,"[PREMIUM]","[PREMIUM]","[PREMIUM]","[PREMIUM]",true,false,"['Clear view']","2026-07-10 17:21:30"
"13351719248","2026-07-15 18:40:56.522","2026-07-15 18:40:56.522","13351719248","161490631","[PREMIUM]","[PREMIUM]","118","T","_",,,2,"[2]",594,"Lower",10,"Mobile Transfer ticket",1,"[PREMIUM]","[PREMIUM]","[PREMIUM]","[PREMIUM]",true,false,"['Clear view']","2026-07-14 17:28:06"
"13362665137","2026-07-15 18:40:56.522","2026-07-15 18:40:56.522","13362665137","161490631","[PREMIUM]","[PREMIUM]","122","R","_",,,2,"[2]",594,"Lower",10,"Mobile Transfer ticket",1,"[PREMIUM]","[PREMIUM]","[PREMIUM]","[PREMIUM]",true,false,"['Clear view']","2026-07-15 17:36:01"
"13362665154","2026-07-15 18:40:56.522","2026-07-15 18:40:56.522","13362665154","161490631","[PREMIUM]","[PREMIUM]","105","K","_",,,2,"[2]",594,"Lower",10,"Mobile Transfer ticket",1,"[PREMIUM]","[PREMIUM]","[PREMIUM]","[PREMIUM]",true,false,"['Clear view']","2026-07-15 17:36:01"
"13345761760","2026-07-15 18:40:56.113","2026-07-15 18:40:56.113","13345761760","161490631","[PREMIUM]","[PREMIUM]","109","Q","_",,,2,"[2]",594,"Lower",10,"Mobile Transfer ticket",1,"[PREMIUM]","[PREMIUM]","[PREMIUM]","[PREMIUM]",true,false,"['Clear view']","2026-07-13 22:28:04"
"13352396835","2026-07-15 18:40:55.378","2026-07-20 05:19:10.357","13352396835","161490631","[PREMIUM]","[PREMIUM]","125","N","8_9","8","9",2,"[2]",594,"Lower",10,"Mobile Transfer ticket",1,"[PREMIUM]","[PREMIUM]","[PREMIUM]","[PREMIUM]",true,false,"['Clear view']","2026-07-14 18:55:14"
"13362126946","2026-07-15 18:40:55.378","2026-07-15 18:40:55.378","13362126946","161490631","[PREMIUM]","[PREMIUM]","111","V","9001_9005","9001",,5,"[1,2,3,4,5]",594,"Lower",11,"Mobile ticket",1,"[PREMIUM]","[PREMIUM]","[PREMIUM]","[PREMIUM]",true,false,"['ADA Accessible','Clear view']","2026-07-15 16:39:31"
"13362126947","2026-07-15 18:40:55.378","2026-07-15 18:40:55.378","13362126947","161490631","[PREMIUM]","[PREMIUM]","112","V","9001_9012","9001",,12,"[1,2,3,4,5,6,7,8,9,10,11,12]",594,"Lower",11,"Mobile ticket",1,"[PREMIUM]","[PREMIUM]","[PREMIUM]","[PREMIUM]",true,false,"['ADA Accessible','Clear view']","2026-07-15 16:39:31"
"13362126964","2026-07-15 18:40:55.378","2026-07-15 18:40:55.378","13362126964","161490631","[PREMIUM]","[PREMIUM]","113","X","9001_9004","9001",,4,"[1,2,3,4]",594,"Lower",11,"Mobile ticket",1,"[PREMIUM]","[PREMIUM]","[PREMIUM]","[PREMIUM]",true,false,"['ADA Accessible','Clear view']","2026-07-15 16:39:31"
"13362136663","2026-07-15 18:40:55.378","2026-07-15 18:40:55.378","13362136663","161490631","[PREMIUM]","[PREMIUM]","123","X","9001_9010","9001",,10,"[1,2,3,4,5,6,7,8,9,10]",594,"Lower",11,"Mobile ticket",1,"[PREMIUM]","[PREMIUM]","[PREMIUM]","[PREMIUM]",true,false,"['Limited or Obstructed View (printed on ticket)','ADA Accessible']","2026-07-15 16:40:41"
"13349015648","2026-07-15 18:40:55.029","2026-07-22 06:43:11.371","13349015648","161490631","[PREMIUM]","[PREMIUM]","218","B","1_2","1","2",2,"[2]",407,"Upper",10,"Mobile Transfer ticket",1,"[PREMIUM]","[PREMIUM]","[PREMIUM]","[PREMIUM]",true,false,"['Second Row of Section','Clear view']","2026-07-14 15:26:26"
"13349830228","2026-07-15 18:40:52.826","2026-07-16 18:37:25.900","13349830228","161490631","[PREMIUM]","[PREMIUM]","101","M","4_7","4","7",4,"[1,2,4]",594,"Lower",10,"Mobile Transfer ticket",1,"[PREMIUM]","[PREMIUM]","[PREMIUM]","[PREMIUM]",true,false,"['Clear view']","2026-07-14 16:07:38"
"13362126948","2026-07-15 18:40:52.826","2026-07-15 18:40:52.826","13362126948","161490631","[PREMIUM]","[PREMIUM]","115","V","9001_9003","9001",,3,"[1,2,3]",594,"Lower",11,"Mobile ticket",1,"[PREMIUM]","[PREMIUM]","[PREMIUM]","[PREMIUM]",true,false,"['ADA Accessible','Clear view']","2026-07-15 16:39:31"
"13361097607","2026-07-15 18:40:52.364","2026-07-19 05:22:16.212","13361097607","161041558","[PREMIUM]","[PREMIUM]","Loge 1","8","1_2","1","2",2,"[2]",478,"Loge",10,"Mobile Transfer ticket",1,"[PREMIUM]","[PREMIUM]","[PREMIUM]","[PREMIUM]",true,false,"['Clear view']","2026-07-15 14:24:11"
"13347681252","2026-07-15 18:40:49.855","2026-07-15 18:40:49.855","13347681252","161464336","[PREMIUM]","[PREMIUM]","116","J","7_9","7",,3,"[1,3]",594,"Lower",10,"Mobile Transfer ticket",14,"[PREMIUM]","[PREMIUM]","[PREMIUM]","[PREMIUM]",true,false,"['Clear view']","2026-07-14 08:50:53"
"13363173112","2026-07-15 18:40:46.630","2026-07-20 05:35:16.227","13363173112","161464336","[PREMIUM]","[PREMIUM]","118","CC","_",,,2,"[2]",594,"Lower",10,"Mobile Transfer ticket",1,"[PREMIUM]","[PREMIUM]","[PREMIUM]","[PREMIUM]",true,false,"['Third Row of Section','Clear view']","2026-07-15 18:35:32"
"13363173145","2026-07-15 18:40:46.630","2026-07-18 05:30:27.166","13363173145","161464336","[PREMIUM]","[PREMIUM]","118","DD","_",,,4,"[2,4]",594,"Lower",10,"Mobile Transfer ticket",1,"[PREMIUM]","[PREMIUM]","[PREMIUM]","[PREMIUM]",true,false,"['Clear view']","2026-07-15 18:35:32"
"13363173148","2026-07-15 18:40:46.630","2026-07-22 07:46:58.187","13363173148","161464336","[PREMIUM]","[PREMIUM]","T15","AA","_",,,6,"[1,2,4,6]",1725,"Terrace Suites",10,"Mobile Transfer ticket",1,"[PREMIUM]","[PREMIUM]","[PREMIUM]","[PREMIUM]",true,false,"['Front Row of Section','Clear view']","2026-07-15 18:35:32"
"13363173154","2026-07-15 18:40:46.630","2026-08-01 05:37:21.677","13363173154","161464336","[PREMIUM]","[PREMIUM]","109","CC","_",,,2,"[2]",594,"Lower",10,"Mobile Transfer ticket",1,"[PREMIUM]","[PREMIUM]","[PREMIUM]","[PREMIUM]",true,false,"['Third Row of Section','Clear view']","2026-07-15 18:35:32"
"13348214109","2026-07-15 18:40:43.616","2026-07-18 05:30:25.726","13348214109","161464336","[PREMIUM]","[PREMIUM]","116","K","_",,,2,"[2]",594,"Lower",10,"Mobile Transfer ticket",1,"[PREMIUM]","[PREMIUM]","[PREMIUM]","[PREMIUM]",true,false,"['Clear view']","2026-07-14 12:18:17"
"13362929415","2026-07-15 18:40:43.616","2026-07-15 18:40:43.616","13362929415","161464336","[PREMIUM]","[PREMIUM]","117","EE","6_11","6",,6,"[1,2,3,4,6]",594,"Lower",10,"Mobile Transfer ticket",14,"[PREMIUM]","[PREMIUM]","[PREMIUM]","[PREMIUM]",true,false,"['Clear view']","2026-07-15 18:09:39"
"13362929460","2026-07-15 18:40:43.616","2026-07-15 18:40:43.616","13362929460","161464336","[PREMIUM]","[PREMIUM]","121","CC","2_10","2",,9,"[1,2,3,4,5,6,7,9]",594,"Lower",10,"Mobile Transfer ticket",14,"[PREMIUM]","[PREMIUM]","[PREMIUM]","[PREMIUM]",true,false,"['Third Row of Section','Clear view']","2026-07-15 18:09:39"
"13361390022","2026-07-15 18:40:42.959","2026-07-18 05:30:27.104","13361390022","161464336","[PREMIUM]","[PREMIUM]","121","K","11_12","11",,2,"[2]",594,"Lower",10,"Mobile Transfer ticket",14,"[PREMIUM]","[PREMIUM]","[PREMIUM]","[PREMIUM]",true,false,"['Clear view']","2026-07-15 14:56:35"
"13361732490","2026-07-15 18:40:38.895","2026-07-15 18:40:38.895","13361732490","161464336","[PREMIUM]","[PREMIUM]","103","J","_",,,6,"[1,2,3,4,6]",594,"Lower",10,"Mobile Transfer ticket",1,"[PREMIUM]","[PREMIUM]","[PREMIUM]","[PREMIUM]",true,false,"['Clear view']","2026-07-15 15:48:15"
"13351922384","2026-07-15 18:40:38.534","2026-07-19 05:37:36.710","13351922384","161464336","[PREMIUM]","[PREMIUM]","105","J","_",,,7,"[1,2,3,4,5,7]",594,"Lower",10,"Mobile Transfer ticket",1,"[PREMIUM]","[PREMIUM]","[PREMIUM]","[PREMIUM]",true,false,"['Clear view']","2026-07-14 17:47:41"
"12692222016","2026-07-15 18:40:34.931","2026-07-19 23:16:43.299","12692222016","160427052","[PREMIUM]","[PREMIUM]","414","7","_",,,4,"[2,4]",2444,"Upper Endzone",10,"Mobile Transfer ticket",14,"[PREMIUM]","[PREMIUM]","[PREMIUM]","[PREMIUM]",true,false,"['Clear view']","2026-05-15 02:13:25"
"13109444680","2026-07-15 18:40:34.931","2026-08-04 01:26:09.756","13109444680","160427052","[PREMIUM]","[PREMIUM]","441","7","_",,,5,"[1,2,3,5]",2444,"Upper Endzone",10,"Mobile Transfer ticket",1,"[PREMIUM]","[PREMIUM]","[PREMIUM]","[PREMIUM]",true,false,"['Clear view']","2026-06-22 19:35:43"
"13020066709","2026-07-15 18:40:31.680","2026-07-16 18:37:31.342","13020066709","159351048","[PREMIUM]","[PREMIUM]","337","K","1_7","1","7",7,"[1,2,3,4,5,7]",2062,"Promenade",10,"Mobile Transfer ticket",1,"[PREMIUM]","[PREMIUM]","[PREMIUM]","[PREMIUM]",true,false,"['Clear view']","2026-06-13 19:15:20"
"12932744692","2026-07-15 18:40:31.351","2026-08-04 05:22:17.320","12932744692","159351048","[PREMIUM]","[PREMIUM]","313","U","8_9","8","9",2,"[2]",2062,"Promenade",10,"Mobile Transfer ticket",1,"[PREMIUM]","[PREMIUM]","[PREMIUM]","[PREMIUM]",true,false,"['Clear view']","2026-06-04 19:20:44"
"13109443622","2026-07-15 18:40:29.562","2026-08-04 01:26:09.610","13109443622","160427052","[PREMIUM]","[PREMIUM]","420","6","_",,,3,"[1,3]",2443,"Upper Corner",10,"Mobile Transfer ticket",1,"[PREMIUM]","[PREMIUM]","[PREMIUM]","[PREMIUM]",true,false,"['Third Row of Section','Clear view']","2026-06-22 19:35:39"
"13361507622","2026-07-15 18:40:23.381","2026-07-21 05:39:00.102","13361507622","159351049","[PREMIUM]","[PREMIUM]","320","V","15_16","15",,2,"[2]",2062,"Promenade",10,"Mobile Transfer ticket",1,"[PREMIUM]","[PREMIUM]","[PREMIUM]","[PREMIUM]",true,false,"['Clear view']","2026-07-15 15:14:42"
"13280821310","2026-07-15 18:40:22.415","2026-07-25 05:31:31.002","13280821310","160418608","[PREMIUM]","[PREMIUM]","513","31","_",,,2,"[2]",407,"Upper",10,"Mobile Transfer ticket",1,"[PREMIUM]","[PREMIUM]","[PREMIUM]","[PREMIUM]",true,false,"['Clear view']","2026-07-08 04:15:48"
"13109446230","2026-07-15 18:40:09.776","2026-08-04 01:26:09.489","13109446230","160427052","[PREMIUM]","[PREMIUM]","417","5","_",,,2,"[2]",2444,"Upper Endzone",10,"Mobile Transfer ticket",1,"[PREMIUM]","[PREMIUM]","[PREMIUM]","[PREMIUM]",true,false,"['Clear view']","2026-06-22 19:35:49"
"12766722843","2026-07-15 18:40:09.277","2026-07-21 05:39:00.102","12766722843","159351049","[PREMIUM]","[PREMIUM]","322","W","1_8","1",,8,"[1,2,3,4,5,6,8]",2062,"Promenade",10,"Mobile Transfer ticket",1,"[PREMIUM]","[PREMIUM]","[PREMIUM]","[PREMIUM]",true,false,"['Clear view']","2026-05-21 04:11:47"
"13354961127","2026-07-15 18:40:09.277","2026-07-15 18:40:09.277","13354961127","159351049","[PREMIUM]","[PREMIUM]","337","N","9_13","9",,5,"[1,2,3,5]",2062,"Promenade",10,"Mobile Transfer ticket",1,"[PREMIUM]","[PREMIUM]","[PREMIUM]","[PREMIUM]",true,false,"['Clear view']","2026-07-15 01:38:53"
"13363046793","2026-07-15 18:40:07.331","2026-07-15 18:40:07.331","13363046793","159351049","[PREMIUM]","[PREMIUM]","317","T","1_2","1",,2,"[1,2]",2062,"Promenade",10,"Mobile Transfer ticket",1,"[PREMIUM]","[PREMIUM]","[PREMIUM]","[PREMIUM]",true,false,"['Clear view']","2026-07-15 18:22:27"
"13348638326","2026-07-15 18:40:06.549","2026-07-25 05:30:41.999","13348638326","159351049","[PREMIUM]","[PREMIUM]","328","T","21_22","21",,2,"[2]",2062,"Promenade",10,"Mobile Transfer ticket",1,"[PREMIUM]","[PREMIUM]","[PREMIUM]","[PREMIUM]",true,false,"['Clear view']","2026-07-14 14:04:58"
"12692222093","2026-07-15 18:40:05.183","2026-07-23 23:01:08.283","12692222093","160427052","[PREMIUM]","[PREMIUM]","442","7","_",,,2,"[2]",2444,"Upper Endzone",10,"Mobile Transfer ticket",14,"[PREMIUM]","[PREMIUM]","[PREMIUM]","[PREMIUM]",true,false,"['Clear view']","2026-05-15 02:13:25"
"13310595393","2026-07-15 18:40:04.294","2026-07-23 06:00:38.915","13310595393","159351049","[PREMIUM]","[PREMIUM]","314","Z","15_22","15","22",8,"[1,2,3,4,5,6,8]",2062,"Promenade",10,"Mobile Transfer ticket",1,"[PREMIUM]","[PREMIUM]","[PREMIUM]","[PREMIUM]",true,false,"['Clear view']","2026-07-10 03:41:14"
"13362188790","2026-07-15 18:40:04.294","2026-07-16 18:37:43.028","13362188790","159351049","[PREMIUM]","[PREMIUM]","315","U","9_12","9","12",4,"[2,4]",2062,"Promenade",10,"Mobile Transfer ticket",1,"[PREMIUM]","[PREMIUM]","[PREMIUM]","[PREMIUM]",true,false,"['Clear view']","2026-07-15 16:45:37"
"13124492269","2026-07-15 18:39:59.812","2026-08-04 05:22:16.775","13124492269","161041520","[PREMIUM]","[PREMIUM]","216","6","_",,,3,"[1,3]",407,"Upper",10,"Mobile Transfer ticket",1,"[PREMIUM]","[PREMIUM]","[PREMIUM]","[PREMIUM]",true,false,"['Clear view']","2026-06-23 23:06:16"
"13129067330","2026-07-15 18:39:51.356","2026-07-24 06:05:46.913","13129067330","159351049","[PREMIUM]","[PREMIUM]","314","Y","12_19","12",,8,"[1,2,3,4,5,6,8]",2062,"Promenade",10,"Mobile Transfer ticket",1,"[PREMIUM]","[PREMIUM]","[PREMIUM]","[PREMIUM]",true,false,"['Clear view']","2026-06-24 08:42:21"
"13362943045","2026-07-15 18:39:48.491","2026-07-15 18:39:48.491","13362943045","159351049","[PREMIUM]","[PREMIUM]","330","V","12_15","12",,4,"[1,2,4]",2062,"Promenade",10,"Mobile Transfer ticket",1,"[PREMIUM]","[PREMIUM]","[PREMIUM]","[PREMIUM]",true,false,"['Clear view']","2026-07-15 18:10:50"
"13362943136","2026-07-15 18:39:48.491","2026-07-15 18:39:48.491","13362943136","159351049","[PREMIUM]","[PREMIUM]","310","U","13_15","13",,3,"[1,3]",2062,"Promenade",10,"Mobile Transfer ticket",1,"[PREMIUM]","[PREMIUM]","[PREMIUM]","[PREMIUM]",true,false,"['Clear view']","2026-07-15 18:10:50"
"13349001421","2026-07-15 18:39:47.285","2026-08-04 05:37:07.406","13349001421","161490631","[PREMIUM]","[PREMIUM]","214","C","7_10","7","10",4,"[1,2,4]",407,"Upper",10,"Mobile Transfer ticket",1,"[PREMIUM]","[PREMIUM]","[PREMIUM]","[PREMIUM]",true,false,"['Third Row of Section','Clear view']","2026-07-14 15:22:50"
"13362134006","2026-07-15 18:39:47.285","2026-07-15 18:39:47.285","13362134006","161490631","[PREMIUM]","[PREMIUM]","218","B","9001_9002","9001",,2,"[2]",407,"Upper",11,"Mobile ticket",1,"[PREMIUM]","[PREMIUM]","[PREMIUM]","[PREMIUM]",true,false,"['ADA Accessible','Second Row of Section','Clear view']","2026-07-15 16:40:21"
"13317253427","2026-07-15 18:39:46.941","2026-07-15 18:39:46.941","13317253427","161490631","[PREMIUM]","[PREMIUM]","205","R","9_10","9",,2,"[2]",407,"Upper",10,"Mobile Transfer ticket",1,"[PREMIUM]","[PREMIUM]","[PREMIUM]","[PREMIUM]",true,false,"['Clear view']","2026-07-10 17:35:15"
"13346549018","2026-07-15 18:39:46.941","2026-07-15 18:39:46.941","13346549018","161490631","[PREMIUM]","[PREMIUM]","205","Q","22_23","22",,2,"[2]",407,"Upper",10,"Mobile Transfer ticket",1,"[PREMIUM]","[PREMIUM]","[PREMIUM]","[PREMIUM]",true,false,"['Clear view']","2026-07-14 01:42:54"
"13349001377","2026-07-15 18:39:46.941","2026-07-25 05:30:10.587","13349001377","161490631","[PREMIUM]","[PREMIUM]","211","K","17_20","17","20",4,"[1,2,4]",407,"Upper",10,"Mobile Transfer ticket",1,"[PREMIUM]","[PREMIUM]","[PREMIUM]","[PREMIUM]",true,false,"['Clear view']","2026-07-14 15:22:50"
"13349001379","2026-07-15 18:39:46.941","2026-07-20 05:19:10.590","13349001379","161490631","[PREMIUM]","[PREMIUM]","210","J","1_12","1","12",8,"[1,2,3,4,5,6,8]",407,"Upper",10,"Mobile Transfer ticket",1,"[PREMIUM]","[PREMIUM]","[PREMIUM]","[PREMIUM]",true,false,"['Clear view']","2026-07-14 15:22:50"
"13349001427","2026-07-15 18:39:46.941","2026-07-20 05:19:10.590","13349001427","161490631","[PREMIUM]","[PREMIUM]","212","J","19_22","19","22",4,"[1,2,4]",407,"Upper",10,"Mobile Transfer ticket",1,"[PREMIUM]","[PREMIUM]","[PREMIUM]","[PREMIUM]",true,false,"['Clear view']","2026-07-14 15:22:50"
"13359704957","2026-07-15 18:39:46.941","2026-07-15 18:39:46.941","13359704957","161490631","[PREMIUM]","[PREMIUM]","203","P","_",,,4,"[2,4]",407,"Upper",10,"Mobile Transfer ticket",1,"[PREMIUM]","[PREMIUM]","[PREMIUM]","[PREMIUM]",true,false,"['Clear view']","2026-07-15 11:36:42"
"13307728424","2026-07-15 18:39:46.608","2026-07-15 18:39:46.608","13307728424","161490631","[PREMIUM]","[PREMIUM]","117","Q","_",,,4,"[2,4]",594,"Lower",10,"Mobile Transfer ticket",1,"[PREMIUM]","[PREMIUM]","[PREMIUM]","[PREMIUM]",true,false,"['Clear view']","2026-07-09 22:03:06"
"13349830298","2026-07-15 18:39:46.608","2026-07-15 18:39:46.608","13349830298","161490631","[PREMIUM]","[PREMIUM]","101","P","12_14","12","14",3,"[1,3]",594,"Lower",10,"Mobile Transfer ticket",1,"[PREMIUM]","[PREMIUM]","[PREMIUM]","[PREMIUM]",true,false,"['Clear view']","2026-07-14 16:07:39"
"13317148209","2026-07-15 18:39:45.689","2026-07-15 18:39:45.689","13317148209","161490631","[PREMIUM]","[PREMIUM]","201","C","1_2","1","2",2,"[2]",407,"Upper",10,"Mobile Transfer ticket",1,"[PREMIUM]","[PREMIUM]","[PREMIUM]","[PREMIUM]",true,false,"['Aisle seat','Third Row of Section','Clear view']","2026-07-10 17:24:39"
"13349005491","2026-07-15 18:39:45.689","2026-07-28 06:11:44.803","13349005491","161490631","[PREMIUM]","[PREMIUM]","220","L","19_21","19","21",3,"[1,3]",407,"Upper",10,"Mobile Transfer ticket",1,"[PREMIUM]","[PREMIUM]","[PREMIUM]","[PREMIUM]",true,false,"['Clear view']","2026-07-14 15:24:04"
"13349042923","2026-07-15 18:39:45.689","2026-07-16 18:37:21.786","13349042923","161490631","[PREMIUM]","[PREMIUM]","216","M","17_22","17","22",6,"[1,2,3,4,6]",407,"Upper",10,"Mobile Transfer ticket",1,"[PREMIUM]","[PREMIUM]","[PREMIUM]","[PREMIUM]",true,false,"['Clear view']","2026-07-14 15:33:34"
"13359704018","2026-07-15 18:39:45.689","2026-07-16 18:37:21.732","13359704018","161490631","[PREMIUM]","[PREMIUM]","203","N","_",,,2,"[2]",407,"Upper",10,"Mobile Transfer ticket",1,"[PREMIUM]","[PREMIUM]","[PREMIUM]","[PREMIUM]",true,false,"['Clear view']","2026-07-15 11:36:23"
"13352148458","2026-07-15 18:39:45.289","2026-07-15 18:39:45.289","13352148458","161490631","[PREMIUM]","[PREMIUM]","202","A","7_10","7","10",4,"[1,2,4]",407,"Upper",10,"Mobile Transfer ticket",1,"[PREMIUM]","[PREMIUM]","[PREMIUM]","[PREMIUM]",true,false,"['Front Row of Section','Clear view']","2026-07-14 18:20:27"
"13352148512","2026-07-15 18:39:45.289","2026-07-28 06:11:46.572","13352148512","161490631","[PREMIUM]","[PREMIUM]","208","A","7_9","7","9",3,"[1,3]",407,"Upper",10,"Mobile Transfer ticket",1,"[PREMIUM]","[PREMIUM]","[PREMIUM]","[PREMIUM]",true,false,"['Front Row of Section','Clear view']","2026-07-14 18:20:28"
"13316957001","2026-07-15 18:39:43.190","2026-07-16 18:37:21.807","13316957001","161490631","[PREMIUM]","[PREMIUM]","205","N","25_26","25",,2,"[2]",407,"Upper",10,"Mobile Transfer ticket",1,"[PREMIUM]","[PREMIUM]","[PREMIUM]","[PREMIUM]",true,false,"['Clear view']","2026-07-10 17:09:07"
"13349001423","2026-07-15 18:39:43.190","2026-07-16 18:37:21.911","13349001423","161490631","[PREMIUM]","[PREMIUM]","213","H","1_11","1","11",8,"[1,2,3,4,5,6,8]",407,"Upper",10,"Mobile Transfer ticket",1,"[PREMIUM]","[PREMIUM]","[PREMIUM]","[PREMIUM]",true,false,"['Third Row of Section','Clear view']","2026-07-14 15:22:50"
"13349001425","2026-07-15 18:39:43.190","2026-07-18 05:19:31.163","13349001425","161490631","[PREMIUM]","[PREMIUM]","211","H","17_20","17","20",4,"[1,2,4]",407,"Upper",10,"Mobile Transfer ticket",1,"[PREMIUM]","[PREMIUM]","[PREMIUM]","[PREMIUM]",true,false,"['Third Row of Section','Clear view']","2026-07-14 15:22:50"
"13349001451","2026-07-15 18:39:43.190","2026-07-22 06:42:19.271","13349001451","161490631","[PREMIUM]","[PREMIUM]","220","N","2_4","2","4",3,"[1,3]",407,"Upper",10,"Mobile Transfer ticket",1,"[PREMIUM]","[PREMIUM]","[PREMIUM]","[PREMIUM]",true,false,"['Clear view']","2026-07-14 15:22:51"
"13319091765","2026-07-15 18:39:42.170","2026-07-15 18:39:42.170","13319091765","161490631","[PREMIUM]","[PREMIUM]","218","P","23_24","23",,2,"[2]",407,"Upper",10,"Mobile Transfer ticket",1,"[PREMIUM]","[PREMIUM]","[PREMIUM]","[PREMIUM]",true,false,"['Clear view']","2026-07-10 20:46:17"
"13359704650","2026-07-15 18:39:42.170","2026-07-16 18:37:22.181","13359704650","161490631","[PREMIUM]","[PREMIUM]","207","K","_",,,4,"[2,4]",407,"Upper",10,"Mobile Transfer ticket",1,"[PREMIUM]","[PREMIUM]","[PREMIUM]","[PREMIUM]",true,false,"['Clear view']","2026-07-15 11:36:39"
"13349001378","2026-07-15 18:39:39.926","2026-07-19 05:21:59.299","13349001378","161490631","[PREMIUM]","[PREMIUM]","213","K","5_6","5","6",2,"[2]",407,"Upper",10,"Mobile Transfer ticket",1,"[PREMIUM]","[PREMIUM]","[PREMIUM]","[PREMIUM]",true,false,"['Clear view']","2026-07-14 15:22:50"
"13349001384","2026-07-15 18:39:39.926","2026-07-18 05:19:30.975","13349001384","161490631","[PREMIUM]","[PREMIUM]","213","L","1_6","1","6",6,"[1,2,3,4,6]",407,"Upper",10,"Mobile Transfer ticket",1,"[PREMIUM]","[PREMIUM]","[PREMIUM]","[PREMIUM]",true,false,"['Clear view']","2026-07-14 15:22:50"
"13349001405","2026-07-15 18:39:39.926","2026-07-22 06:42:19.271","13349001405","161490631","[PREMIUM]","[PREMIUM]","210","L","7_10","7","10",4,"[1,2,4]",407,"Upper",10,"Mobile Transfer ticket",1,"[PREMIUM]","[PREMIUM]","[PREMIUM]","[PREMIUM]",true,false,"['Clear view']","2026-07-14 15:22:50"
"13349001383","2026-07-15 18:39:39.198","2026-07-15 18:39:39.198","13349001383","161490631","[PREMIUM]","[PREMIUM]","210","M","17_20","17","20",4,"[1,2,4]",407,"Upper",10,"Mobile Transfer ticket",1,"[PREMIUM]","[PREMIUM]","[PREMIUM]","[PREMIUM]",true,false,"['Clear view']","2026-07-14 15:22:50"
"13349011140","2026-07-15 18:39:39.198","2026-07-18 05:19:29.565","13349011140","161490631","[PREMIUM]","[PREMIUM]","213","N","3_7","3","7",5,"[1,2,3,5]",407,"Upper",10,"Mobile Transfer ticket",1,"[PREMIUM]","[PREMIUM]","[PREMIUM]","[PREMIUM]",true,false,"['Clear view']","2026-07-14 15:25:28"
"13359775287","2026-07-15 18:39:39.198","2026-07-15 18:39:39.198","13359775287","161490631","[PREMIUM]","[PREMIUM]","207","L","_",,,4,"[2,4]",407,"Upper",10,"Mobile Transfer ticket",1,"[PREMIUM]","[PREMIUM]","[PREMIUM]","[PREMIUM]",true,false,"['Clear view']","2026-07-15 11:46:24"
"13351978940","2026-07-15 18:39:37.369","2026-07-27 06:31:48.341","13351978940","161041558","[PREMIUM]","[PREMIUM]","BAL308","15","_",,,2,"[2]",306,"Balcony",10,"Mobile Transfer ticket",1,"[PREMIUM]","[PREMIUM]","[PREMIUM]","[PREMIUM]",true,false,"['Clear view']","2026-07-14 17:55:43"
"13352868311","2026-07-15 18:39:37.369","2026-07-15 18:39:37.369","13352868311","161041558","[PREMIUM]","[PREMIUM]","BAL309","13","_",,,4,"[2,4]",306,"Balcony",10,"Mobile Transfer ticket",1,"[PREMIUM]","[PREMIUM]","[PREMIUM]","[PREMIUM]",true,false,"['Clear view']","2026-07-14 20:28:39"
"13344101013","2026-07-15 18:39:34.021","2026-07-16 18:37:32.747","13344101013","161041558","[PREMIUM]","[PREMIUM]","BAL313","1","13_14","13","14",2,"[2]",306,"Balcony",10,"Mobile Transfer ticket",1,"[PREMIUM]","[PREMIUM]","[PREMIUM]","[PREMIUM]",true,false,"['Front Row of Section','Clear view']","2026-07-13 16:11:24"
"13348332260","2026-07-15 18:39:31.815","2026-07-25 05:32:02.280","13348332260","161041558","[PREMIUM]","[PREMIUM]","Floor GA",,"_",,,1,"[1]",682,"Floor",10,"Mobile Transfer ticket",1,"[PREMIUM]","[PREMIUM]","[PREMIUM]","[PREMIUM]",false,true,"['Clear view']","2026-07-14 12:56:23"
"13352437293","2026-07-15 18:39:30.962","2026-07-30 05:23:59.590","13352437293","161041558","[PREMIUM]","[PREMIUM]","BAL318","13","16_19","16","19",4,"[1,2,4]",306,"Balcony",10,"Mobile Transfer ticket",1,"[PREMIUM]","[PREMIUM]","[PREMIUM]","[PREMIUM]",true,false,"['Clear view']","2026-07-14 19:03:01"
"13344431295","2026-07-15 18:39:27.573","2026-08-02 05:22:07.316","13344431295","161041558","[PREMIUM]","[PREMIUM]","Loge  10","18","3_4","3",,2,"[2]",478,"Loge",10,"Mobile Transfer ticket",1,"[PREMIUM]","[PREMIUM]","[PREMIUM]","[PREMIUM]",true,false,"['Clear view']","2026-07-13 17:11:19"
"13359983559","2026-07-15 18:39:26.190","2026-07-15 18:39:26.190","13359983559","161041558","[PREMIUM]","[PREMIUM]","RAF15","B","_",,,2,"[2]",9067,"Rafters",10,"Mobile Transfer ticket",1,"[PREMIUM]","[PREMIUM]","[PREMIUM]","[PREMIUM]",true,false,"['Second Row of Section','Clear view']","2026-07-15 12:10:10"
"13351966398","2026-07-15 18:39:24.596","2026-07-17 05:29:16.665","13351966398","161464336","[PREMIUM]","[PREMIUM]","117","V","9001_9001","9001",,1,"[1]",594,"Lower",10,"Mobile Transfer ticket",1,"[PREMIUM]","[PREMIUM]","[PREMIUM]","[PREMIUM]",false,false,"['Clear view']","2026-07-14 17:53:54"
"13363173151","2026-07-15 18:39:24.596","2026-07-22 07:46:58.024","13363173151","161464336","[PREMIUM]","[PREMIUM]","T24","AA","_",,,1,"[1]",1725,"Terrace Suites",10,"Mobile Transfer ticket",1,"[PREMIUM]","[PREMIUM]","[PREMIUM]","[PREMIUM]",false,false,"['Front Row of Section','Clear view']","2026-07-15 18:35:32"
"13363173155","2026-07-15 18:39:24.596","2026-08-04 05:36:06.212","13363173155","161464336","[PREMIUM]","[PREMIUM]","T18","AA","_",,,2,"[2]",1725,"Terrace Suites",10,"Mobile Transfer ticket",1,"[PREMIUM]","[PREMIUM]","[PREMIUM]","[PREMIUM]",true,false,"['Front Row of Section','Clear view']","2026-07-15 18:35:32"
"13363173157","2026-07-15 18:39:23.512","2026-08-04 05:36:06.131","13363173157","161464336","[PREMIUM]","[PREMIUM]","T11","AA","_",,,2,"[2]",1725,"Terrace Suites",10,"Mobile Transfer ticket",1,"[PREMIUM]","[PREMIUM]","[PREMIUM]","[PREMIUM]",true,false,"['Front Row of Section','Clear view']","2026-07-15 18:35:32"
"13350280113","2026-07-15 18:39:21.721","2026-07-18 05:30:23.374","13350280113","161464336","[PREMIUM]","[PREMIUM]","121","V","9001_9003","9001","9003",3,"[1,3]",594,"Lower",10,"Mobile Transfer ticket",13,"[PREMIUM]","[PREMIUM]","[PREMIUM]","[PREMIUM]",true,false,"['Clear view']","2026-07-14 16:23:06"
"13350420152","2026-07-15 18:39:21.721","2026-07-18 05:30:23.374","13350420152","161464336","[PREMIUM]","[PREMIUM]","116","U","9001_9005","9001","9005",5,"[1,2,3]",594,"Lower",10,"Mobile Transfer ticket",13,"[PREMIUM]","[PREMIUM]","[PREMIUM]","[PREMIUM]",true,false,"['Clear view']","2026-07-14 16:26:52"
"13353464659","2026-07-15 18:39:21.721","2026-07-15 18:39:21.721","13353464659","161464336","[PREMIUM]","[PREMIUM]","122","U","9001_9003","9001","9003",3,"[1,3]",594,"Lower",10,"Mobile Transfer ticket",13,"[PREMIUM]","[PREMIUM]","[PREMIUM]","[PREMIUM]",true,false,"['Clear view']","2026-07-14 22:53:51"
"13353582672","2026-07-15 18:39:21.721","2026-07-17 05:29:16.213","13353582672","161464336","[PREMIUM]","[PREMIUM]","T18","CC","_",,,2,"[1,2]",1725,"Terrace Suites",11,"Mobile ticket",1,"[PREMIUM]","[PREMIUM]","[PREMIUM]","[PREMIUM]",true,false,"['Access to VIP Lounge','Club Suite','Includes unlimited food and drinks (beer and soft drinks)','Ticket and meal package','Tickets give you access to a private VIP bar','Third Row of Section','Clear view']","2026-07-14 23:11:53"
"13348345362","2026-07-15 18:39:21.139","2026-07-15 18:39:21.139","13348345362","161464336","[PREMIUM]","[PREMIUM]","222","A","_",,,8,"[1,2,3,4,5,6,8]",407,"Upper",10,"Mobile Transfer ticket",1,"[PREMIUM]","[PREMIUM]","[PREMIUM]","[PREMIUM]",true,false,"['Front Row of Section','Clear view']","2026-07-14 13:01:26"
"13348346715","2026-07-15 18:39:21.139","2026-07-15 18:39:21.139","13348346715","161464336","[PREMIUM]","[PREMIUM]","101","Q","_",,,10,"[1,2,3,4,5,6,7,8,10]",594,"Lower",10,"Mobile Transfer ticket",1,"[PREMIUM]","[PREMIUM]","[PREMIUM]","[PREMIUM]",true,false,"['Clear view']","2026-07-14 13:02:34"
"13356013272","2026-07-15 18:39:21.139","2026-08-04 05:36:05.499","13356013272","161464336","[PREMIUM]","[PREMIUM]","219","B","9001_9001","9001",,1,"[1]",407,"Upper",10,"Mobile Transfer ticket",1,"[PREMIUM]","[PREMIUM]","[PREMIUM]","[PREMIUM]",false,false,"['Second Row of Section','Clear view']","2026-07-15 03:43:17"
"13362929852","2026-07-15 18:39:21.139","2026-07-15 18:39:21.139","13362929852","161464336","[PREMIUM]","[PREMIUM]","T3","D","2_13","2",,12,"[1,2,3,4,5,6,7,8,9,10,12]",1725,"Terrace Suites",10,"Mobile Transfer ticket",14,"[PREMIUM]","[PREMIUM]","[PREMIUM]","[PREMIUM]",true,false,"['Clear view']","2026-07-15 18:09:42"
"13362929600","2026-07-15 18:39:20.368","2026-07-15 18:39:20.368","13362929600","161464336","[PREMIUM]","[PREMIUM]","225","C","6_9","6",,4,"[1,2,4]",407,"Upper",10,"Mobile Transfer ticket",14,"[PREMIUM]","[PREMIUM]","[PREMIUM]","[PREMIUM]",true,false,"['Third Row of Section','Clear view']","2026-07-15 18:09:40"
"13362929694","2026-07-15 18:39:20.368","2026-07-17 05:29:16.783","13362929694","161464336","[PREMIUM]","[PREMIUM]","T2","D","1_2","1",,2,"[2]",1725,"Terrace Suites",10,"Mobile Transfer ticket",14,"[PREMIUM]","[PREMIUM]","[PREMIUM]","[PREMIUM]",true,false,"['Third Row of Section','Clear view']","2026-07-15 18:09:41"
"13362929860","2026-07-15 18:39:20.368","2026-07-15 18:39:20.368","13362929860","161464336","[PREMIUM]","[PREMIUM]","T3","J","3_6","3",,4,"[1,2,4]",1725,"Terrace Suites",10,"Mobile Transfer ticket",14,"[PREMIUM]","[PREMIUM]","[PREMIUM]","[PREMIUM]",true,false,"['Clear view']","2026-07-15 18:09:42"
"13362930003","2026-07-15 18:39:20.368","2026-07-15 18:39:20.368","13362930003","161464336","[PREMIUM]","[PREMIUM]","T4","J","2_11","2",,10,"[1,2,3,4,5,6,7,8,10]",1725,"Terrace Suites",10,"Mobile Transfer ticket",14,"[PREMIUM]","[PREMIUM]","[PREMIUM]","[PREMIUM]",true,false,"['Clear view']","2026-07-15 18:09:42"
"13362930216","2026-07-15 18:39:20.368","2026-07-15 18:39:20.368","13362930216","161464336","[PREMIUM]","[PREMIUM]","T8","E","2_10","2",,9,"[1,2,3,4,5,6,7,9]",1725,"Terrace Suites",10,"Mobile Transfer ticket",14,"[PREMIUM]","[PREMIUM]","[PREMIUM]","[PREMIUM]",true,false,"['Clear view']","2026-07-15 18:09:44"
"13350276334","2026-07-15 18:39:19.464","2026-07-30 05:44:09.884","13350276334","161464336","[PREMIUM]","[PREMIUM]","T26","BB","_",,,4,"[2,4]",1725,"Terrace Suites",10,"Mobile Transfer ticket",1,"[PREMIUM]","[PREMIUM]","[PREMIUM]","[PREMIUM]",true,false,"['Second Row of Section','Clear view']","2026-07-14 16:22:59"
"13363173161","2026-07-15 18:39:19.464","2026-07-19 05:37:33.019","13363173161","161464336","[PREMIUM]","[PREMIUM]","T20","AA","_",,,1,"[1]",1725,"Terrace Suites",10,"Mobile Transfer ticket",1,"[PREMIUM]","[PREMIUM]","[PREMIUM]","[PREMIUM]",false,false,"['Front Row of Section','Clear view']","2026-07-15 18:35:32"
"13351922356","2026-07-15 18:39:18.902","2026-07-26 05:55:50.617","13351922356","161464336","[PREMIUM]","[PREMIUM]","226","C","_",,,8,"[1,2,3,4,5,6,7,8]",407,"Upper",10,"Mobile Transfer ticket",1,"[PREMIUM]","[PREMIUM]","[PREMIUM]","[PREMIUM]",true,false,"['Third Row of Section','Clear view']","2026-07-14 17:47:41"
"13361072825","2026-07-15 18:39:18.902","2026-07-15 18:39:18.902","13361072825","161464336","[PREMIUM]","[PREMIUM]","225","J","9_15","9","15",7,"[1,2,3,4,5,7]",407,"Upper",10,"Mobile Transfer ticket",1,"[PREMIUM]","[PREMIUM]","[PREMIUM]","[PREMIUM]",true,false,"['Clear view']","2026-07-15 14:21:18"
"13362738634","2026-07-15 18:39:18.902","2026-07-19 05:37:33.011","13362738634","161464336","[PREMIUM]","[PREMIUM]","225","D","_",,,5,"[1,2,3,5]",407,"Upper",10,"Mobile Transfer ticket",1,"[PREMIUM]","[PREMIUM]","[PREMIUM]","[PREMIUM]",true,false,"['Clear view']","2026-07-15 17:47:31"
"13362738682","2026-07-15 18:39:18.902","2026-07-15 18:39:18.902","13362738682","161464336","[PREMIUM]","[PREMIUM]","220","E","_",,,3,"[1,3]",407,"Upper",10,"Mobile Transfer ticket",1,"[PREMIUM]","[PREMIUM]","[PREMIUM]","[PREMIUM]",true,false,"['Clear view']","2026-07-15 17:47:33"
"13363173130","2026-07-15 18:39:15.676","2026-07-22 07:46:58.955","13363173130","161464336","[PREMIUM]","[PREMIUM]","T25","AA","_",,,5,"[1,3,5]",1725,"Terrace Suites",10,"Mobile Transfer ticket",1,"[PREMIUM]","[PREMIUM]","[PREMIUM]","[PREMIUM]",true,false,"['Front Row of Section','Clear view']","2026-07-15 18:35:32"
"13360976440","2026-07-15 18:39:15.051","2026-07-15 18:39:15.051","13360976440","161464336","[PREMIUM]","[PREMIUM]","221","E","4_10","4",,7,"[1,2,3,4,5,7]",407,"Upper",10,"Mobile Transfer ticket",14,"[PREMIUM]","[PREMIUM]","[PREMIUM]","[PREMIUM]",true,false,"['Clear view']","2026-07-15 14:10:54"
"13362929590","2026-07-15 18:39:15.051","2026-07-15 18:39:15.051","13362929590","161464336","[PREMIUM]","[PREMIUM]","T2","B","1_2","1",,2,"[2]",1725,"Terrace Suites",10,"Mobile Transfer ticket",14,"[PREMIUM]","[PREMIUM]","[PREMIUM]","[PREMIUM]",true,false,"['Front Row of Section','Clear view']","2026-07-15 18:09:40"
"13362929712","2026-07-15 18:39:15.051","2026-07-15 18:39:15.051","13362929712","161464336","[PREMIUM]","[PREMIUM]","T2","C","1_2","1",,2,"[2]",1725,"Terrace Suites",10,"Mobile Transfer ticket",14,"[PREMIUM]","[PREMIUM]","[PREMIUM]","[PREMIUM]",true,false,"['Second Row of Section','Clear view']","2026-07-15 18:09:41"
"13348828449","2026-07-15 18:39:14.719","2026-07-17 05:29:31.657","13348828449","161464336","[PREMIUM]","[PREMIUM]","223","G","9_14","9","14",6,"[1,2,3,4,6]",407,"Upper",10,"Mobile Transfer ticket",1,"[PREMIUM]","[PREMIUM]","[PREMIUM]","[PREMIUM]",true,false,"['Clear view']","2026-07-14 14:44:16"
"13353992515","2026-07-15 18:39:14.719","2026-07-21 06:01:41.582","13353992515","161464336","[PREMIUM]","[PREMIUM]","221","K","9001_9002","9001","9002",2,"[2]",407,"Upper",10,"Mobile Transfer ticket",13,"[PREMIUM]","[PREMIUM]","[PREMIUM]","[PREMIUM]",true,false,"['Clear view']","2026-07-14 23:58:55"
"13359339640","2026-07-15 18:39:14.719","2026-07-15 18:39:14.719","13359339640","161464336","[PREMIUM]","[PREMIUM]","221","F","1_2","1",,2,"[2]",407,"Upper",10,"Mobile Transfer ticket",1,"[PREMIUM]","[PREMIUM]","[PREMIUM]","[PREMIUM]",true,false,"['Clear view']","2026-07-15 10:27:11"
"13360781062","2026-07-15 18:39:14.719","2026-07-15 18:39:14.719","13360781062","161464336","[PREMIUM]","[PREMIUM]","223","C","_",,,2,"[2]",407,"Upper",10,"Mobile Transfer ticket",1,"[PREMIUM]","[PREMIUM]","[PREMIUM]","[PREMIUM]",true,false,"['Third Row of Section','Clear view']","2026-07-15 13:52:49"
"13351996373","2026-07-15 18:39:14.303","2026-07-15 18:39:14.303","13351996373","161464336","[PREMIUM]","[PREMIUM]","226","N","9001_9010","9001",,10,"[1,2,3,4,5,6,7,8,10]",407,"Upper",10,"Mobile Transfer ticket",1,"[PREMIUM]","[PREMIUM]","[PREMIUM]","[PREMIUM]",true,false,"['Clear view']","2026-07-14 17:57:20"
"13355189109","2026-07-15 18:39:14.303","2026-07-15 18:39:14.303","13355189109","161464336","[PREMIUM]","[PREMIUM]","219","F","9001_9001","9001",,1,"[1]",407,"Upper",10,"Mobile Transfer ticket",1,"[PREMIUM]","[PREMIUM]","[PREMIUM]","[PREMIUM]",false,false,"['Clear view']","2026-07-15 02:03:09"
"13361025456","2026-07-15 18:39:14.303","2026-07-15 18:39:14.303","13361025456","161464336","[PREMIUM]","[PREMIUM]","219","N","9001_9005","9001",,5,"[1,2,3,5]",407,"Upper",10,"Mobile Transfer ticket",1,"[PREMIUM]","[PREMIUM]","[PREMIUM]","[PREMIUM]",true,false,"['Clear view']","2026-07-15 14:15:32"
"13361025531","2026-07-15 18:39:14.303","2026-07-15 18:39:14.303","13361025531","161464336","[PREMIUM]","[PREMIUM]","224","S","9001_9003","9001",,3,"[1,3]",407,"Upper",10,"Mobile Transfer ticket",1,"[PREMIUM]","[PREMIUM]","[PREMIUM]","[PREMIUM]",true,false,"['Clear view']","2026-07-15 14:15:33"
"12932753267","2026-07-15 18:39:13.185","2026-07-28 06:12:25.734","12932753267","159351048","[PREMIUM]","[PREMIUM]","326","Z","11_12","11","12",2,"[2]",2062,"Promenade",10,"Mobile Transfer ticket",1,"[PREMIUM]","[PREMIUM]","[PREMIUM]","[PREMIUM]",true,false,"['Clear view']","2026-06-04 19:22:07"
"12848036457","2026-07-15 18:39:03.759","2026-07-21 05:38:56.831","12848036457","159351048","[PREMIUM]","[PREMIUM]","313","Y","9_12","9",,4,"[2,4]",2062,"Promenade",10,"Mobile Transfer ticket",1,"[PREMIUM]","[PREMIUM]","[PREMIUM]","[PREMIUM]",true,false,"['Clear view']","2026-05-28 16:14:16"
"13361056976","2026-07-15 18:38:52.046","2026-07-15 18:38:52.046","13361056976","159351049","[PREMIUM]","[PREMIUM]","323","V","10_15","10","15",6,"[1,2,3,4,6]",2062,"Promenade",10,"Mobile Transfer ticket",1,"[PREMIUM]","[PREMIUM]","[PREMIUM]","[PREMIUM]",true,false,"['Clear view']","2026-07-15 14:19:18"
"13321950256","2026-07-15 18:38:45.875","2026-07-15 18:38:45.875","13321950256","161490631","[PREMIUM]","[PREMIUM]","202","B","7_8","7","8",2,"[2]",407,"Upper",10,"Mobile Transfer ticket",1,"[PREMIUM]","[PREMIUM]","[PREMIUM]","[PREMIUM]",true,false,"['ADA Accessible','Second Row of Section','Clear view']","2026-07-11 02:06:08"
"13348953802","2026-07-15 18:38:45.875","2026-07-15 18:38:45.875","13348953802","161490631","[PREMIUM]","[PREMIUM]","211","P","2_6","2","6",5,"[1,2,3,5]",407,"Upper",10,"Mobile Transfer ticket",1,"[PREMIUM]","[PREMIUM]","[PREMIUM]","[PREMIUM]",true,false,"['Clear view']","2026-07-14 15:11:28"
"13357030628","2026-07-15 18:38:45.875","2026-07-15 18:38:45.875","13357030628","161490631","[PREMIUM]","[PREMIUM]","212","Q","17_18","17","18",2,"[2]",407,"Upper",10,"Mobile Transfer ticket",1,"[PREMIUM]","[PREMIUM]","[PREMIUM]","[PREMIUM]",true,false,"['Clear view']","2026-07-15 04:42:12"
"13359775366","2026-07-15 18:38:45.875","2026-07-15 18:38:45.875","13359775366","161490631","[PREMIUM]","[PREMIUM]","203","H","_",,,2,"[2]",407,"Upper",10,"Mobile Transfer ticket",1,"[PREMIUM]","[PREMIUM]","[PREMIUM]","[PREMIUM]",true,false,"['Clear view']","2026-07-15 11:46:24"
"13352794692","2026-07-15 18:38:43.693","2026-07-21 06:01:41.582","13352794692","161464336","[PREMIUM]","[PREMIUM]","222","H","_",,,1,"[1]",407,"Upper",11,"Mobile ticket",1,"[PREMIUM]","[PREMIUM]","[PREMIUM]","[PREMIUM]",false,false,"['Clear view']","2026-07-14 20:13:23"
"13361025576","2026-07-15 18:38:43.693","2026-07-15 18:38:43.693","13361025576","161464336","[PREMIUM]","[PREMIUM]","221","S","9001_9001","9001",,1,"[1]",407,"Upper",10,"Mobile Transfer ticket",1,"[PREMIUM]","[PREMIUM]","[PREMIUM]","[PREMIUM]",false,false,"['Clear view']","2026-07-15 14:15:33"
"13362929465","2026-07-15 18:38:43.693","2026-07-15 18:38:43.693","13362929465","161464336","[PREMIUM]","[PREMIUM]","202","D","1_12","1",,12,"[1,2,3,4,5,6,7,8,9,10,12]",407,"Upper",10,"Mobile Transfer ticket",14,"[PREMIUM]","[PREMIUM]","[PREMIUM]","[PREMIUM]",true,false,"['Clear view']","2026-07-15 18:09:39"
"13362929475","2026-07-15 18:38:43.693","2026-07-15 18:38:43.693","13362929475","161464336","[PREMIUM]","[PREMIUM]","203","C","1_11","1",,11,"[1,2,3,4,5,6,7,8,9,11]",407,"Upper",10,"Mobile Transfer ticket",14,"[PREMIUM]","[PREMIUM]","[PREMIUM]","[PREMIUM]",true,false,"['Third Row of Section','Clear view']","2026-07-15 18:09:40"
"13348700629","2026-07-15 18:38:41.987","2026-07-15 18:38:41.987","13348700629","159351048","[PREMIUM]","[PREMIUM]","317","Z","_",,,2,"[2]",2062,"Promenade",10,"Mobile Transfer ticket",1,"[PREMIUM]","[PREMIUM]","[PREMIUM]","[PREMIUM]",true,false,"['Clear view']","2026-07-14 14:19:28"
"13350380481","2026-07-15 18:38:41.987","2026-07-18 05:19:27.206","13350380481","159351048","[PREMIUM]","[PREMIUM]","316","Z","18_18","18","18",1,"[1]",2062,"Promenade",10,"Mobile Transfer ticket",1,"[PREMIUM]","[PREMIUM]","[PREMIUM]","[PREMIUM]",false,false,"['Clear view']","2026-07-14 16:25:54"
